{
    "accuracy": 0.9993,
    "log_loss": 0.0012919148095788969,
    "classification_report": {
        "Score 0": {
            "precision": 0.8387096774193549,
            "recall": 0.8253968253968254,
            "f1-score": 0.832,
            "support": 63
        },
        "Score 1": {
            "precision": 0.9987435750999429,
            "recall": 0.9988576650673978,
            "f1-score": 0.9988006168256326,
            "support": 8754
        },
        "Score 2": {
            "precision": 1.0,
            "recall": 1.0,
            "f1-score": 1.0,
            "support": 9259
        },
        "Score 3": {
            "precision": 1.0,
            "recall": 1.0,
            "f1-score": 1.0,
            "support": 5556
        },
        "Score 4": {
            "precision": 1.0,
            "recall": 1.0,
            "f1-score": 1.0,
            "support": 6368
        },
        "accuracy": 0.9993,
        "macro avg": {
            "precision": 0.9674906505038596,
            "recall": 0.9648508980928447,
            "f1-score": 0.9661601233651265,
            "support": 30000
        },
        "weighted avg": {
            "precision": 0.9992946655367441,
            "recall": 0.9993,
            "f1-score": 0.9992972199897195,
            "support": 30000
        }
    },
    "confusion_matrix": [
        [
            52,
            11,
            0,
            0,
            0
        ],
        [
            10,
            8744,
            0,
            0,
            0
        ],
        [
            0,
            0,
            9259,
            0,
            0
        ],
        [
            0,
            0,
            0,
            5556,
            0
        ],
        [
            0,
            0,
            0,
            0,
            6368
        ]
    ]
}

